{"stats":{"minecraft:mined":{"minecraft:dark_oak_planks":2,"minecraft:tuff":15,"minecraft:deepslate_diamond_ore":41,"minecraft:dark_oak_log":35,"minecraft:crafting_table":5,"gravestone:gravestone":1,"minecraft:granite":21,"minecraft:grass_block":5,"minecraft:copper_ore":1,"minecraft:cobblestone":3,"minecraft:deepslate_gold_ore":8,"minecraft:diorite":4,"epicpaladins:deepslate_arclight_ore":10,"minecraft:furnace":1,"minecraft:iron_ore":20,"minecraft:fire":10,"minecraft:white_carpet":1,"minecraft:coal_ore":20,"minecraft:gravel":32,"minecraft:dirt":3,"minecraft:stone":85,"minecraft:deepslate":189},"minecraft:picked_up":{"minecraft:crafting_table":5,"epicpaladins:arclight_axe":1,"minecraft:flint":2,"minecraft:tuff":15,"gravestone:obituary":2,"minecraft:dirt":8,"minecraft:raw_copper":3,"minecraft:iron_axe":1,"minecraft:cobbled_deepslate":186,"minecraft:raw_gold":8,"minecraft:furnace":1,"minecraft:raw_iron":20,"epicpaladins:arclight_gem":10,"minecraft:gravel":30,"minecraft:diorite":4,"minecraft:dark_oak_log":34,"minecraft:dark_oak_planks":2,"minecraft:diamond":41,"minecraft:granite":21,"minecraft:coal":20,"minecraft:cobblestone":87},"minecraft:killed_by":{"minecraft:vindicator":2},"minecraft:broken":{"minecraft:iron_axe":1,"minecraft:wooden_pickaxe":1},"minecraft:killed":{"minecraft:vindicator":1},"minecraft:dropped":{"epicpaladins:arclight_axe":1,"gravestone:obituary":2},"minecraft:crafted":{"minecraft:crafting_table":1,"minecraft:wooden_pickaxe":1,"minecraft:furnace":1,"epicpaladins:arclight_axe":1,"epicpaladins:arclight_pickaxe":1,"minecraft:air":0,"minecraft:diamond_helmet":1,"minecraft:diamond_leggings":1,"minecraft:stick":20,"minecraft:iron_ingot":12,"minecraft:iron_pickaxe":1,"minecraft:stone_pickaxe":1,"minecraft:wooden_axe":1,"minecraft:diamond_boots":1,"minecraft:dark_oak_planks":84,"minecraft:torch":4,"minecraft:diamond_chestplate":1},"minecraft:used":{"minecraft:diamond_boots":1,"minecraft:stone_pickaxe":83,"minecraft:wooden_pickaxe":59,"minecraft:torch":1,"minecraft:dirt":3,"minecraft:crafting_table":5,"minecraft:diamond_helmet":1,"epicpaladins:arclight_axe":2,"minecraft:dark_oak_planks":1,"minecraft:wooden_axe":3,"epicpaladins:arclight_pickaxe":273,"minecraft:dark_oak_log":12,"minecraft:iron_axe":3,"minecraft:iron_pickaxe":31,"minecraft:diamond_chestplate":1,"minecraft:cobblestone":14,"minecraft:furnace":1,"minecraft:diamond_leggings":1},"minecraft:custom":{"minecraft:interact_with_furnace":2,"minecraft:mob_kills":1,"minecraft:interact_with_crafting_table":10,"minecraft:leave_game":11,"minecraft:time_since_death":1704,"minecraft:time_since_rest":1784,"minecraft:sprint_one_cm":12897,"minecraft:damage_taken":1200,"minecraft:walk_one_cm":60174,"minecraft:drop":3,"minecraft:damage_dealt":239,"minecraft:swim_one_cm":35812,"minecraft:fly_one_cm":3837,"minecraft:open_chest":15,"minecraft:crouch_one_cm":562,"minecraft:play_time":53681,"minecraft:deaths":4,"minecraft:sneak_time":631,"minecraft:walk_under_water_one_cm":3786,"minecraft:jump":101,"minecraft:walk_on_water_one_cm":7429,"minecraft:total_world_time":53681,"minecraft:fall_one_cm":4321}},"DataVersion":3465}