{"stats":{"minecraft:mined":{"minecraft:dark_oak_planks":4,"minecraft:deepslate_redstone_ore":2,"minecraft:white_bed":1,"minecraft:deepslate_diamond_ore":4,"minecraft:dark_oak_log":37,"minecraft:crafting_table":2,"gravestone:gravestone":2,"minecraft:grass_block":1,"minecraft:tall_grass":1,"minecraft:cobblestone":1,"minecraft:deepslate_gold_ore":1,"regions_unexplored:white_trillium":3,"minecraft:diorite":10,"regions_unexplored:stone_bud":1,"minecraft:furnace":2,"minecraft:birch_log":17,"minecraft:iron_ore":22,"minecraft:birch_leaves":1,"minecraft:andesite":5,"minecraft:grass":12,"minecraft:oak_log":7,"minecraft:coal_ore":38,"minecraft:dirt":2,"regions_unexplored:medium_grass":2,"minecraft:red_mushroom_block":1,"minecraft:stone":71,"regions_unexplored:maple_shrub":1,"minecraft:oak_leaves":1,"minecraft:deepslate":43},"minecraft:picked_up":{"minecraft:birch_log":17,"minecraft:crafting_table":2,"minecraft:andesite":5,"regions_unexplored:white_trillium":2,"minecraft:oak_log":7,"gravestone:obituary":2,"minecraft:dirt":3,"minecraft:apple":1,"minecraft:wheat_seeds":1,"minecraft:cobbled_deepslate":43,"minecraft:raw_gold":1,"minecraft:iron_ingot":1,"minecraft:light_gray_wool":1,"minecraft:birch_sapling":7,"minecraft:furnace":2,"minecraft:dark_oak_sapling":9,"minecraft:stick":3,"minecraft:raw_iron":39,"minecraft:diorite":10,"minecraft:white_bed":1,"minecraft:redstone":8,"minecraft:dark_oak_log":37,"minecraft:dark_oak_planks":68,"minecraft:diamond":4,"minecraft:oak_sapling":1,"minecraft:mutton":6,"minecraft:coal":95,"minecraft:white_wool":3,"minecraft:cobblestone":71},"minecraft:killed_by":{"minecraft:skeleton":1,"minecraft:zombie":1,"iceandfire:ghost":1},"minecraft:broken":{"minecraft:wooden_axe":1},"minecraft:killed":{"minecraft:sheep":4},"minecraft:dropped":{"minecraft:birch_sapling":7,"regions_unexplored:white_trillium":2,"gravestone:obituary":7},"minecraft:crafted":{"minecraft:oak_planks":24,"minecraft:crafting_table":6,"minecraft:wooden_pickaxe":3,"minecraft:furnace":1,"minecraft:birch_planks":24,"minecraft:air":0,"minecraft:shield":1,"minecraft:stick":40,"minecraft:iron_ingot":4,"minecraft:iron_pickaxe":1,"minecraft:stone_pickaxe":1,"minecraft:wooden_axe":2,"minecraft:white_bed":1,"minecraft:dark_oak_planks":148},"minecraft:used":{"minecraft:stone_pickaxe":126,"minecraft:wooden_pickaxe":30,"minecraft:crafting_table":7,"minecraft:white_bed":1,"minecraft:wooden_axe":60,"minecraft:dark_oak_planks":30,"minecraft:apple":1,"minecraft:iron_pickaxe":62,"minecraft:cobblestone":5,"minecraft:furnace":2},"minecraft:custom":{"minecraft:interact_with_furnace":4,"minecraft:mob_kills":4,"minecraft:interact_with_crafting_table":13,"minecraft:leave_game":3,"minecraft:time_since_death":3662,"minecraft:sleep_in_bed":1,"minecraft:time_since_rest":3703,"minecraft:sprint_one_cm":144449,"minecraft:damage_taken":1160,"minecraft:walk_one_cm":33527,"minecraft:drop":16,"minecraft:damage_dealt":391,"minecraft:swim_one_cm":6961,"minecraft:fly_one_cm":141562,"minecraft:play_time":44105,"minecraft:deaths":5,"minecraft:sneak_time":2,"minecraft:walk_under_water_one_cm":1439,"minecraft:jump":636,"minecraft:walk_on_water_one_cm":1537,"minecraft:total_world_time":44105,"minecraft:fall_one_cm":18506}},"DataVersion":3465}