{"stats":{"minecraft:mined":{"minecraft:diamond_ore":4,"minecraft:dark_oak_leaves":1,"minecraft:birch_log":7,"minecraft:iron_ore":11,"minecraft:andesite":20,"minecraft:granite":9,"minecraft:crafting_table":1,"gravestone:gravestone":2,"minecraft:bookshelf":3,"minecraft:grass_block":1,"minecraft:gravel":3,"minecraft:dirt":3,"minecraft:mushroom_stem":1,"minecraft:copper_ore":4,"minecraft:stone":180,"minecraft:gold_ore":8,"minecraft:diorite":41,"minecraft:oak_leaves":4,"minecraft:deepslate":45,"minecraft:orange_bed":1},"minecraft:picked_up":{"minecraft:book":9,"minecraft:birch_log":7,"minecraft:dark_oak_sapling":1,"minecraft:crafting_table":1,"minecraft:raw_iron":11,"minecraft:andesite":20,"minecraft:gravel":3,"minecraft:diorite":40,"minecraft:dirt":4,"minecraft:raw_copper":15,"minecraft:orange_bed":1,"minecraft:diamond":4,"minecraft:cobbled_deepslate":43,"minecraft:raw_gold":8,"minecraft:granite":9,"minecraft:stone_pickaxe":1,"minecraft:cobblestone":178},"minecraft:killed_by":{"minecraft:skeleton":1},"minecraft:dropped":{"gravestone:obituary":1,"minecraft:stone_pickaxe":1},"minecraft:crafted":{"minecraft:crafting_table":1,"minecraft:stick":8,"minecraft:wooden_pickaxe":1,"minecraft:iron_ingot":8,"minecraft:iron_pickaxe":1,"minecraft:stone_pickaxe":1,"minecraft:furnace":1,"minecraft:birch_planks":28},"minecraft:used":{"minecraft:stone_pickaxe":129,"minecraft:iron_pickaxe":194,"minecraft:wooden_pickaxe":3,"minecraft:dirt":3,"minecraft:crafting_table":2,"minecraft:furnace":1},"minecraft:custom":{"minecraft:time_since_rest":882,"minecraft:interact_with_furnace":3,"minecraft:sprint_one_cm":8664,"minecraft:damage_taken":560,"minecraft:walk_one_cm":51437,"minecraft:drop":2,"minecraft:swim_one_cm":638,"minecraft:interact_with_crafting_table":4,"minecraft:fly_one_cm":8651,"minecraft:open_barrel":2,"minecraft:crouch_one_cm":99,"minecraft:play_time":37108,"minecraft:deaths":2,"minecraft:sneak_time":51,"minecraft:walk_under_water_one_cm":1753,"minecraft:jump":283,"minecraft:leave_game":8,"minecraft:time_since_death":877,"minecraft:walk_on_water_one_cm":1699,"minecraft:total_world_time":37108,"minecraft:climb_one_cm":1480,"minecraft:interact_with_smoker":1,"minecraft:fall_one_cm":7641}},"DataVersion":3465}