{"stats":{"minecraft:mined":{"minecraft:dark_oak_planks":7,"minecraft:deepslate_diamond_ore":63,"epicpaladins:deepslate_bloodstone_ore":9,"regions_unexplored:silver_birch_leaf_pile":2,"minecraft:dark_oak_log":64,"minecraft:basalt":5,"minecraft:crafting_table":3,"minecraft:glow_lichen":1,"gravestone:gravestone":9,"minecraft:ladder":2,"minecraft:mushroom_stem":15,"minecraft:brown_mushroom_block":6,"minecraft:tall_grass":1,"minecraft:cobblestone":4,"regions_unexplored:raw_redstone_block":4,"minecraft:diorite":3,"regions_unexplored:blue_bioshroom_block":1,"minecraft:spawner":1,"epicpaladins:deepslate_arclight_ore":3,"minecraft:large_fern":1,"regions_unexplored:stone_bud":1,"minecraft:redstone_ore":4,"minecraft:oak_trapdoor":1,"regions_unexplored:redstone_bud":1,"minecraft:iron_ore":2,"minecraft:cobbled_deepslate":1,"minecraft:fire":17,"minecraft:white_carpet":1,"minecraft:andesite":26,"minecraft:coal_ore":20,"minecraft:grass":2,"minecraft:oak_log":1,"regions_unexplored:maple_leaf_pile":1,"regions_unexplored:peat_dirt":3,"minecraft:red_mushroom_block":5,"minecraft:stone":73,"minecraft:player_head":1,"regions_unexplored:redstone_bulb":3,"minecraft:oak_leaves":1,"epicpaladins:arclight_ore":14,"minecraft:deepslate":356,"regions_unexplored:peat_podzol":2},"minecraft:picked_up":{"regions_unexplored:peat_dirt":3,"minecraft:crafting_table":3,"minecraft:basalt":5,"minecraft:ladder":1,"minecraft:andesite":26,"minecraft:dark_oak_boat":1,"minecraft:red_mushroom":3,"paraglider:spirit_orb":2,"minecraft:oak_log":1,"gravestone:obituary":1,"minecraft:oak_trapdoor":1,"epicpaladins:bloodstone_gem":9,"minecraft:white_carpet":8,"minecraft:red_carpet":6,"minecraft:wheat_seeds":1,"minecraft:cobbled_deepslate":139,"minecraft:player_head":1,"regions_unexplored:peat_podzol":4,"minecraft:dark_oak_sapling":1,"regions_unexplored:silver_birch_leaf_pile":5,"epicpaladins:arclight_gem":17,"minecraft:torch":2,"minecraft:porkchop":8,"iceandfire:shiny_scales":11,"regions_unexplored:raw_redstone_block":8,"minecraft:diorite":3,"minecraft:redstone":20,"minecraft:dark_oak_log":58,"minecraft:dark_oak_planks":6,"minecraft:brown_carpet":2,"regions_unexplored:redstone_bulb":3,"minecraft:diamond":63,"minecraft:spruce_sign":1,"minecraft:coal":20,"minecraft:cobblestone":69},"minecraft:killed_by":{"minecraft:vindicator":1,"minecraft:evoker":1,"minecraft:piglin":3,"minecraft:piglin_brute":2,"iceandfire:siren":1,"iceandfire:sea_serpent":1},"minecraft:dropped":{"minecraft:golden_boots":1,"minecraft:spruce_sign":1,"minecraft:iron_sword":1,"regions_unexplored:raw_redstone_block":8,"minecraft:wheat_seeds":1,"regions_unexplored:peat_podzol":4,"minecraft:cobbled_deepslate":74,"minecraft:cobblestone":2,"minecraft:red_mushroom":3,"minecraft:chainmail_chestplate":1,"gravestone:obituary":10,"minecraft:basalt":5,"minecraft:iron_axe":1,"minecraft:iron_pickaxe":1},"minecraft:killed":{"iceandfire:hippocampus":3,"minecraft:piglin":1,"minecraft:pig":4,"minecraft:vindicator":1,"minecraft:zombie":2},"minecraft:crafted":{"epicpaladins:arclight_sword":1,"minecraft:oak_planks":4,"minecraft:dark_oak_boat":1,"minecraft:crafting_table":2,"epicpaladins:arclight_axe":1,"epicpaladins:arclight_pickaxe":1,"minecraft:diamond_leggings":1,"minecraft:iron_axe":1,"minecraft:stick":10,"minecraft:iron_pickaxe":1,"minecraft:diamond_boots":1,"minecraft:dark_oak_planks":56,"minecraft:golden_boots":1,"minecraft:diamond_chestplate":1},"minecraft:custom":{"minecraft:mob_kills":11,"minecraft:interact_with_crafting_table":12,"minecraft:open_barrel":6,"minecraft:time_since_death":3502,"minecraft:climb_one_cm":2287,"minecraft:time_since_rest":3550,"minecraft:sprint_one_cm":98744,"minecraft:damage_taken":3535,"minecraft:walk_one_cm":116694,"minecraft:drop":40,"minecraft:damage_dealt":3465,"minecraft:swim_one_cm":72628,"minecraft:fly_one_cm":127859,"minecraft:open_chest":30,"minecraft:crouch_one_cm":2478,"minecraft:play_time":55841,"minecraft:deaths":9,"minecraft:sneak_time":856,"minecraft:walk_under_water_one_cm":8636,"minecraft:boat_one_cm":128715,"minecraft:jump":779,"minecraft:walk_on_water_one_cm":20331,"minecraft:total_world_time":55841,"minecraft:fall_one_cm":37286},"minecraft:used":{"minecraft:water_bucket":43,"minecraft:diamond_boots":1,"minecraft:iron_sword":31,"minecraft:crafting_table":5,"epicpaladins:arclight_axe":3,"epicpaladins:arclight_sword":42,"minecraft:dark_oak_planks":32,"epicpaladins:arclight_pickaxe":499,"minecraft:apple":4,"minecraft:bread":5,"minecraft:iron_axe":73,"minecraft:iron_pickaxe":94,"minecraft:diamond_chestplate":1,"minecraft:cobblestone":12,"minecraft:beef":4,"minecraft:dark_oak_boat":2,"minecraft:porkchop":7,"minecraft:bucket":43,"minecraft:diamond_leggings":1,"minecraft:cobbled_deepslate":1,"alexsmobs:raw_catfish":1}},"DataVersion":3465}